{
  "project_info": {
    "project_number": "1013983844549",
    "firebase_url": "https://omeno-c26f3.firebaseio.com",
    "project_id": "omeno-c26f3",
    "storage_bucket": "omeno-c26f3.appspot.com"
  },
  "client": [
    {
      "client_info": {
        "mobilesdk_app_id": "1:1013983844549:android:b64d55b33ea179c7",
        "android_client_info": {
          "package_name": "com.barang.omenoapp"
        }
      },
      "oauth_client": [
        {
          "client_id": "1013983844549-f7b822hfa3ae6vpkgfjcsgcki2sebtgp.apps.googleusercontent.com",
          "client_type": 3
        }
      ],
      "api_key": [
        {
          "current_key": "AIzaSyBq5I1KGf1UtA6DctzvSaIQpmlg4LFLEEo"
        }
      ],
      "services": {
        "appinvite_service": {
          "other_platform_oauth_client": [
            {
              "client_id": "1013983844549-f7b822hfa3ae6vpkgfjcsgcki2sebtgp.apps.googleusercontent.com",
              "client_type": 3
            }
          ]
        }
      }
    }
  ],
  "configuration_version": "1"
}